site_name,url,contact_page,email,niche,status,notes
"intelligentlabs.org","https://www.intelligentlabs.org/write-for-us/?srsltid=AfmBOoqgczmEd2H1_cfG-7Sd0zL_8F_EB_Bf54aELKwjV2CnBRrq68pT","https://www.intelligentlabs.org/write-for-us/","support@intelligentlabs.org","nootropics","","Contribute a guest post to Intelligent Labs. We welcome qualified health experts to share evidence-based insights on hea"
"Nootrolux™ Nootropics Blog","https://www.nootrolux.com/write-for-us/","https://www.nootrolux.com/write-for-us/","hello@nootrolux.com","nootropics","","If you're interested in submitting a guest post for Nootrolux pertaining to Nootropics, please read on and we'll let you"
"hormonally.org","https://hormonally.org/biohacking/","https://hormonally.org/contact/","info@hormonally.org","biohacking","","There's a lot of hype around biohacking on social media platforms, especially on instagram. However, we should be skepti"
"neotes.com","https://neotes.com/en/blog/longevity-en/biohacking-for-a-longer-life-how-to-almost-reverse-your-age/","https://neotes.com/en/customer-service-contact-form/","cs@neotes.care","biohacking","","We also present specific strategies and methods aimed at longevity: from nutritional concepts such as intermittent fasti"
"saragottfriedmd.com","https://www.saragottfriedmd.com/biohack-your-health-to-improve-your-mood-sleep-and-exercise/","https://www.saragottfriedmd.com/contact/","support@saragottfriedmd.com","biohacking","","Write down everything that goes into your mouth and how you feel afterward. Once you have a record of a few days, introd"
"Best Cancer Specialist in Hyderabad","https://sachinmarda.com/biohacking-mind-body/","https://sachinmarda.com/contact-us/","sachinmarda@gmail.com","biohacking","","Biohacking is an exciting frontier that offers potential benefits for mental and physical performance and longevity."
"betterwayhealth.com","https://www.betterwayhealth.com/blogs/beta-glucan/examples-of-biohacking","https://www.betterwayhealth.com/pages/contact-us","support@betterwayhealth.com","biohacking","","Through HIIT, biohackers can achieve heightened mental clarity, accelerate fat loss, improve cardiovascular health, and "
"cogbites","https://cogbites.org/write_for_us/","https://cogbites.org/write_for_us/","cogbitesblog@gmail.com","cognitive enhancement","","Writing for cogbites is a great opportunity to hone your writing and editing skills while contributing to the translatio"
"Cognitive enhancers - Alcohol and Drug Foundation","https://adf.org.au/drug-facts/cognitive-enhancers/","https://adf.org.au/contact-us/","adf@adf.org.au","cognitive enhancement","","Nootropic also known as 'cognitive enhancers' are drugs that some people use in an attempt to improve memory, increase m"
"Nootropics Depot","https://nootropicsdepot.com/?srsltid=AfmBOoqog4osCNT5x91IZv7vz3V6yYFF0A1LU8GqLopdScqu1SuOulob","","support@nootropicsdepot.com","nootropics","","Experience optimal well-being with Nootropics Depot's pure, science-backed formulas. Elevate your health and vitality wi"
"Explore Everything Nootropics - The Nootropics Expert","https://nootropicsexpert.com/","","kcestatesales@cox.net; press@nootropicsexpert.com","nootropics","","Nootropics Expert is your go-to resource for everything you need to know about nootropics. And fixing whatever brain hea"
"marshalllifestylemedicine.com","https://www.marshalllifestylemedicine.com/biohacking-taking-control-of-your-own-biology-dr-john-mullins-12-pillar-approach-to-the-core-premise-of-lifestyle-medicine","https://lp.constantcontactpages.com/sl/RJp2MjA/AskMarshall","info@marshalllifestylemedicine.com; memberservices@marshalllifestylemedicine.com","biohacking","","Overcoming the tendency to resort to unhealthy habits involving excess alcohol, drug abuse, gambling, lust, and engaging"
"What Is Biohacking? Complete Guide to Health Optimization","https://craftbodyscan.com/blog/biohacking-for-longevity/","","info@crafthealth.com","biohacking","","That's the promise of biohacking – a science-backed approach to optimizing health, extending lifespan, and maximizing yo"
"Write For US","https://www.ithrivein.com/write-for-us","https://www.ithrivein.com/write-for-us","anuj@ithrivein.com; hello@ithrive.com","brain health","","Functional & Integrative Medicine: Articles that explore holistic, natural approaches to health and wellness, emphasizin"
"WRITER - The enterprise AI platform for agentic work","https://writer.com/","https://writer.com/company/contact/","hello@writer.com","productivity optimization","","Global 2000 enterprises trust WRITER to transform what basic automation tools never could – from campaigns and RFPs to p"
"For Authors","https://ijqpm.pages.tcnj.edu/for-authors/","https://ijqpm.pages.tcnj.edu/submitting-a-paper/submission-guidelines/","ijqpm@tcnj.edu","productivity optimization","","Quality and productivity measures, benchmarking, and best practices. System design for quality and productivity improvem"
"Why Health Optimization Is the Future of Wellness","https://doctorsnutrition.com/why-health-optimization-is-the-future-of-wellness-not-just-medicine/","https://doctorsnutrition.com/contact-us/","contact@doctorsnutrition.com","health optimization","","Unlock vibrant health with health optimization—boost energy, focus, immunity & longevity using lifestyle, supplements, l"
"corpina.com","https://corpina.com/write-for-us/","https://corpina.com/write-for-us/","","nootropics","","We are open to guest post submissions from writers who want a forum to reach brain-hackers, neuroscience-lovers, and per"
"huntingthemuse.net","https://huntingthemuse.net/library/creative-supplements","https://huntingthemuse.net/contact","","nootropics","","I tried 6 nootropics for creativity — here's what happened to my writing · Caffeine · L-theanine · Lion's mane mushroom "
"smartbrief.com","https://www.smartbrief.com/original/unlocking-brain-health-the-nootropic-revolution","https://www.smartbrief.com/write-for-us","","nootropics","","A driving force behind the growth of functional beverages is the rise of nootropic ingredients that support cognitive fu"
"physicalculturestudy.com","https://physicalculturestudy.com/2021/05/25/guest-post-nootropics-history-and-use-bodybuilding-and-strength-training/","https://physicalculturestudy.com/2021/05/25/guest-post-nootropics-history-and-use-bodybuilding-and-strength-training/","","nootropics","","A nootropic is a broad term used to describe a natural substance that binds with the receptors in the brain to potential"
"Smart Drugs vs. Nootropics","https://bengreenfieldlife.com/podcast/brain-podcasts/smart-drugs-vs-nootropics/","https://bengreenfieldlife.com/contact/","","nootropics","","Nootropics act more as a super supplement to protecting the brain. Girugea's own first synthesized nootropic (in 1964) i"
"Westrock Coffee","https://www.westrockcoffee.com/sharpen-your-mind-nootropics-and-the-future-of-cognitive-enhancing-beverages/","https://www.westrockcoffee.com/contact/","","nootropics","","Key Nootropic Examples in the Beverage Industry. Let's explore some of the most popular nootropics finding their way int"
"The Buzz: Nootropics","https://www.bamco.com/blog/the-buzz-nootropics/","https://www.bamco.com/contact-us/","","nootropics","","Not all nootropics are totally new to the average consumer. Caffeine is the most well-known and commonly used nootropic,"
"Why Habits Outperform Biohacking for Long-Term Health","https://heatherhausenblas.substack.com/p/biohacking-isnt-failing-its-just","https://substack.com/@chrismillermd?utm_campaign=guest_post_bio&amp;utm_medium=web","","biohacking","","Biohacking tools promise optimization, but research shows lasting health gains come from simple habits. Why wearables an"
"Biohacking: Cracking Your Body’s Health Code","https://www.thechristhospital.com/healthspirations/biohacking-cracking-health-code","https://www.thechristhospital.com/about-the-network/foundation/contact-our-team","","biohacking","","Also known as do-it-yourself biology, biohacking involves making small changes to your diet, lifestyle and body that can"
"Hijacked by a Biohacker by Chip Conley","https://www.meawisdom.com/hijacked-by-a-biohacker/","https://www.meawisdom.com/guest-post-curiosity-and-wonder-essential-macronutrients-for-mental-vitality/","","biohacking","","After one speech on longevity, I was cornered by a beefy biohacker who took issue with the fact that I said social scien"
"peterattiamd.com","https://peterattiamd.com/biohacking-sends-wrong-message-about-longevity/","https://peterattiamd.com/contact/media-inquiries/","","biohacking","","In this short video, I share the reasoning behind my belief that biohacking sends the wrong messages about the pursuit o"
"Product Submission - Biohacking.Reviews","https://biohacking.reviews/product-submission","https://biohacking.reviews/product-submission","","biohacking","","Product Submission. If you're interested in featuring your product or service on our biohacking platform, we welcome you"
"Biohack Yourself","https://www.biohackyourself.com/contributor-deliverables","https://www.biohackyourself.com/contributor-deliverables","","biohacking","","You'll be officially listed in our Contributor Section, joining a curated group of respected thought leaders in health, "
"Huberman Lab","https://www.hubermanlab.com/","https://www.hubermanlab.com/contact","","biohacking","","Get science-based tools for better health, sleep, focus and performance. Join Dr. Andrew Huberman's #1 health podcast. N"
"Guest Blogger: Brain Enhancement - Everyday Psych","https://everydaypsych.com/guest-blogger-brain-enhancement/","https://everydaypsych.com/contact/","","cognitive enhancement","","Essentially, by becoming more mindful of your surroundings, your working memory is improved by the virtue of not being a"
"Guest Post: How to Promote Brain Health - Fit Minds","https://fitminds.ca/guest-post-how-to-promote-brain-health/","https://fitminds.ca/guest-post-how-to-promote-brain-health/","","cognitive enhancement","","Exercise regularly. Plenty of studies show that regular exercise can help maintain or even improve cognitive function as"
"healthmanagement.org","https://healthmanagement.org/c/hospital/guest-post/optimising-your-brain-a-beginners-guide-to-cognitive-enhancement","https://healthmanagement.org/s/guidelines-for-submission-of-articles-and-guest-blog-posts","","cognitive enhancement","","To truly enhance cognitive performance, it's essential to first build a strong foundation through key lifestyle habits t"
"Scientific American","https://www.scientificamerican.com/blog/guest-blog/you-can-increase-your-intelligence-5-ways-to-maximize-your-cognitive-potential/","https://www.scientificamerican.com/page/contact-us/customer-service/","","cognitive enhancement","","Constantly exposing yourself to new things helps puts your brain in a primed state for learning. Novelty also triggers d"
"lemmelive","https://lemmelive.com/blogs/news/cognitive-enhancement?srsltid=AfmBOoqMGZ-wk1hSbh_PiIpgBnQ62_XAQ6ZvhxzQRoKIyfpP0BA2DwhX","https://lemmelive.com/pages/contact","","cognitive enhancement","","Essentially, cognitive enhancement refers to the idea that you can boost your cognitive function so that your brain work"
"Is caffeine a cognitive enhancer? &#8211; Better U","https://blogs.flinders.edu.au/student-health-and-well-being/2018/09/06/caffeine-cognitive-enhancer/","https://www.flinders.edu.au/about/contact-us","","cognitive enhancement","","The answer is 'kinda'. Caffeine is not a pure cognitive enhancer in that it does not appear to make us smarter. It helps"
"Practical Ethics","https://blog.uehiro.ox.ac.uk/2015/09/guest-post-pervitin-instead-of-coffee-change-in-attitudes-to-cognitive-enhancement-in-the-50s-and-60s-in-brazil/","https://blog.uehiro.ox.ac.uk/2015/09/guest-post-pervitin-instead-of-coffee-change-in-attitudes-to-cognitive-enhancement-in-the-50s-and-60s-in-brazil/","","cognitive enhancement","","There has been some concern that, in the future, cognitive enhancement may contribute to social inequality; that it will"
"Health Optimization Summit Austin 2025 [USA Edition]","https://usa.healthoptimisation.com/","","enquiries@healthoptimisation.com","health optimization","","""The Health Optimisation Summit is one of the top biohacking and wellness must do's on the face of the planet. Definitel"
"The BrainHealth Project","https://centerforbrainhealth.org/science/participate-in-a-study/brainhealth-project","https://centerforbrainhealth.org/about-us/contact","","brain health","","The BrainHealth Project is a landmark study that aims to uncover the dynamic relationship between lifestyle factors, bio"
"Write With MentalHealth.com","https://www.mentalhealth.com/publishing/write-for-us","https://www.mentalhealth.com/publishing/write-for-us","","brain health","","Writing for MentalHealth.com means joining a collaborative environment that values accuracy, integrity, and thoughtful d"
"Brain Health Blog","https://www.drmarcmilstein.com/blog","https://www.drmarcmilstein.com/contact","","brain health","","Explore science-backed brain tips from Dr. Marc Milstein. Boost memory, focus, sleep, and wellness with simple, actionab"
"How To Age With Better Brain Health","https://www.v8well.com/p/how-to-age-with-better-brain-health","https://substack.com/@brainhealthkitchen?utm_campaign=guest_post_bio&amp;utm_medium=web","","brain health","","A guest post by. Annie Fenn, MD. Physician, chef, and author of the bestselling Substack and book Brain Health Kitchen. "
"Michigan State University","https://healthcare.msu.edu/news/2025-12-28-Scientists-Say-This-Simple-Habit-Boosts-Brain-Health-in-as-Little-as-12-Weeks.html","https://healthcare.msu.edu/contact.aspx","","brain health","","“Regular physical activity also reduces inflammation and oxidative stress, both of which contribute to cognitive decline"
"Tips to keep your brain healthy - Mayo Clinic Health System","https://sncs-prod-external.mayo.edu/hometown-health/speaking-of-health/5-tips-to-keep-your-brain-healthy","https://sncs-prod-external.mayo.edu/contact-us","","brain health","","Studies show people who closely follow a Mediterranean diet are less likely to have Alzheimer's disease than people who "
"Guest Post Archives - Kimberton Whole Foods","https://www.kimbertonwholefoods.com/category/guest-post/","https://www.kimbertonwholefoods.com/category/guest-post/","","supplements","","In today's marketplace, choosing the right supplement can be confusing. Do I 'need' to use supplements? Do I 'want' to t"
"JACKIE LEA SOMMERS","https://jackieleasommers.com/2016/11/27/supplements-nutrition-ocd-guest-post-by-leah-adair/","https://jackieleasommers.com/2016/11/27/supplements-nutrition-ocd-guest-post-by-leah-adair/feed/","","supplements","","Jackie asked me to share a little bit about my experience with supplements/nutrition and treating OCD. I am not a doctor"
"Guest Post: Introduction to Vitamin Supplements","https://gettinmyhealthyon.com/introduction-to-vitamin-supplements/","https://gettinmyhealthyon.com/tag/guest-post/","","supplements","","She gives a little guide to vitamin supplements and why they're beneficial. Hope you enjoy. Smile And have a great weeke"
"Nutravita","https://www.nutravita.co.uk/blogs/news?srsltid=AfmBOoptPylpB16ZNhsOq4BEGCfK1b61RTivX3c3polt-T28MWrdIFir","https://www.nutravita.co.uk/pages/contact-us","","supplements","","Our blog section contains everything you need to know to be the healthiest, happiest you! Our expert written blogs are h"